{"isStage":false,"name":"Osimhen","variables":{},"lists":{},"broadcasts":{},"blocks":{"O=c2rDQ@).~OO0Xe)L00":{"opcode":"event_whenflagclicked","next":null,"parent":null,"inputs":{},"fields":{},"shadow":false,"topLevel":true,"x":-1166,"y":-989}},"comments":{},"currentCostume":0,"costumes":[{"assetId":"bc113ec986cb8d75849bdd80de30cf01","name":"costume1","bitmapResolution":1,"md5ext":"bc113ec986cb8d75849bdd80de30cf01.svg","dataFormat":"svg","rotationCenterX":64.56705878704221,"rotationCenterY":37.30250590883139},{"assetId":"1ef4b74afc12f49e0e7a6fab8340e10e","name":"costume2","bitmapResolution":1,"md5ext":"1ef4b74afc12f49e0e7a6fab8340e10e.svg","dataFormat":"svg","rotationCenterX":62.246803129107064,"rotationCenterY":36.04310437716242}],"sounds":[{"assetId":"83c36d806dc92327b9e7049a565c6bff","name":"Miao","dataFormat":"wav","format":"","rate":44100,"sampleCount":37376,"md5ext":"83c36d806dc92327b9e7049a565c6bff.wav"}],"volume":100,"visible":true,"x":-172,"y":-97,"size":100,"direction":90,"draggable":false,"rotationStyle":"all around"}