{"isStage":false,"name":"Miao Miao Nigga2","variables":{},"lists":{},"broadcasts":{},"blocks":{"f8T0m1;T[CJAHf7;bDP_":{"opcode":"event_whenflagclicked","next":"Z]H_ozTOwZFvE:gW|B!r","parent":null,"inputs":{},"fields":{},"shadow":false,"topLevel":true,"x":-177,"y":-233},"Z]H_ozTOwZFvE:gW|B!r":{"opcode":"looks_hide","next":"9()Udg(s?%7_24xO`AAT","parent":"f8T0m1;T[CJAHf7;bDP_","inputs":{},"fields":{},"shadow":false,"topLevel":false},"9()Udg(s?%7_24xO`AAT":{"opcode":"looks_show","next":"URVz^9@{@tt%I*1,i_hR","parent":"Z]H_ozTOwZFvE:gW|B!r","inputs":{},"fields":{},"shadow":false,"topLevel":false},"URVz^9@{@tt%I*1,i_hR":{"opcode":"sensing_askandwait","next":"5W6Hokgqd@_KT;T5~({B","parent":"9()Udg(s?%7_24xO`AAT","inputs":{"QUESTION":[1,[10,"Quanti passi devo fare?"]]},"fields":{},"shadow":false,"topLevel":false},"5W6Hokgqd@_KT;T5~({B":{"opcode":"motion_movesteps","next":"Xp~re~ogvg?B:jt^UtYy","parent":"URVz^9@{@tt%I*1,i_hR","inputs":{"STEPS":[3,"sTg!a1HZS4*W,@9iJm~Z",[4,"200"]]},"fields":{},"shadow":false,"topLevel":false},"sTg!a1HZS4*W,@9iJm~Z":{"opcode":"sensing_answer","next":null,"parent":"5W6Hokgqd@_KT;T5~({B","inputs":{},"fields":{},"shadow":false,"topLevel":false},"Xp~re~ogvg?B:jt^UtYy":{"opcode":"sensing_askandwait","next":"nah5}rb#og;k=~!1T7)8","parent":"5W6Hokgqd@_KT;T5~({B","inputs":{"QUESTION":[1,[10,"Come mi devo arrotare?"]]},"fields":{},"shadow":false,"topLevel":false},"nah5}rb#og;k=~!1T7)8":{"opcode":"control_if","next":"AGVt~J|r;{_eZWv=isAs","parent":"Xp~re~ogvg?B:jt^UtYy","inputs":{"CONDITION":[2,"ET5P=S/`(.hMA4j*Qv=L"],"SUBSTACK":[2,"m~ZU0Kd2lR8@gPhHHLnW"]},"fields":{},"shadow":false,"topLevel":false},"ET5P=S/`(.hMA4j*Qv=L":{"opcode":"operator_equals","next":null,"parent":"nah5}rb#og;k=~!1T7)8","inputs":{"OPERAND1":[3,"[*dR6pD^WuR}^fcGz|4(",[10,""]],"OPERAND2":[1,[10,"Orario"]]},"fields":{},"shadow":false,"topLevel":false},"[*dR6pD^WuR}^fcGz|4(":{"opcode":"sensing_answer","next":null,"parent":"ET5P=S/`(.hMA4j*Qv=L","inputs":{},"fields":{},"shadow":false,"topLevel":false},"m~ZU0Kd2lR8@gPhHHLnW":{"opcode":"sensing_askandwait","next":"(@3#ZZspUN8b-nZ29G}K","parent":"nah5}rb#og;k=~!1T7)8","inputs":{"QUESTION":[1,[10,"Di quanto mi devo arrotare?"]]},"fields":{},"shadow":false,"topLevel":false},"(@3#ZZspUN8b-nZ29G}K":{"opcode":"motion_turnright","next":null,"parent":"m~ZU0Kd2lR8@gPhHHLnW","inputs":{"DEGREES":[3,"#dwRqtMW~=la;=`?axi*",[4,"15"]]},"fields":{},"shadow":false,"topLevel":false},"#dwRqtMW~=la;=`?axi*":{"opcode":"sensing_answer","next":null,"parent":"(@3#ZZspUN8b-nZ29G}K","inputs":{},"fields":{},"shadow":false,"topLevel":false},"AGVt~J|r;{_eZWv=isAs":{"opcode":"control_if","next":"#Px5y.~pzusA(1F~,uT9","parent":"nah5}rb#og;k=~!1T7)8","inputs":{"CONDITION":[2,"}LVLG.qXmWBILJXQ{soq"],"SUBSTACK":[2,"slZb0.fUDn9^xl1lm*!q"]},"fields":{},"shadow":false,"topLevel":false},"}LVLG.qXmWBILJXQ{soq":{"opcode":"operator_equals","next":null,"parent":"AGVt~J|r;{_eZWv=isAs","inputs":{"OPERAND1":[3,"0{TLSZnVN7Xge]0xXN^!",[10,""]],"OPERAND2":[1,[10,"Antiorario"]]},"fields":{},"shadow":false,"topLevel":false},"0{TLSZnVN7Xge]0xXN^!":{"opcode":"sensing_answer","next":null,"parent":"}LVLG.qXmWBILJXQ{soq","inputs":{},"fields":{},"shadow":false,"topLevel":false},"slZb0.fUDn9^xl1lm*!q":{"opcode":"sensing_askandwait","next":"{@)f?6.DK]RYNHU-;V`u","parent":"AGVt~J|r;{_eZWv=isAs","inputs":{"QUESTION":[1,[10,"Di quanto mi devo arrotare?"]]},"fields":{},"shadow":false,"topLevel":false},"{@)f?6.DK]RYNHU-;V`u":{"opcode":"motion_turnleft","next":null,"parent":"slZb0.fUDn9^xl1lm*!q","inputs":{"DEGREES":[3,"2f)mRWe~CEo_!Mto^k-%",[4,"15"]]},"fields":{},"shadow":false,"topLevel":false},"2f)mRWe~CEo_!Mto^k-%":{"opcode":"sensing_answer","next":null,"parent":"{@)f?6.DK]RYNHU-;V`u","inputs":{},"fields":{},"shadow":false,"topLevel":false},"#Px5y.~pzusA(1F~,uT9":{"opcode":"motion_pointindirection","next":"Pb)#Xn%499aY_.tvj^OO","parent":"AGVt~J|r;{_eZWv=isAs","inputs":{"DIRECTION":[1,[8,"90"]]},"fields":{},"shadow":false,"topLevel":false},"Pb)#Xn%499aY_.tvj^OO":{"opcode":"motion_gotoxy","next":"y-arW!pOny|no[1@O_.t","parent":"#Px5y.~pzusA(1F~,uT9","inputs":{"X":[1,[4,"-203"]],"Y":[1,[4,"27"]]},"fields":{},"shadow":false,"topLevel":false},"y-arW!pOny|no[1@O_.t":{"opcode":"looks_hide","next":"Q1RdB:2=Xf@}K#4pi[eg","parent":"Pb)#Xn%499aY_.tvj^OO","inputs":{},"fields":{},"shadow":false,"topLevel":false},"Q1RdB:2=Xf@}K#4pi[eg":{"opcode":"control_stop","next":null,"parent":"y-arW!pOny|no[1@O_.t","inputs":{},"fields":{"STOP_OPTION":["all",null]},"shadow":false,"topLevel":false,"mutation":{"tagName":"mutation","children":[],"hasnext":"false"}},"}^doAP=6Xyh=5!E8.gpF":{"opcode":"event_whenkeypressed","next":"0zi-GrL75cLaJa@e@pc/","parent":null,"inputs":{},"fields":{"KEY_OPTION":["space",null]},"shadow":false,"topLevel":true,"x":451,"y":-244},"0zi-GrL75cLaJa@e@pc/":{"opcode":"sensing_askandwait","next":"9a;%l#6lNdSpzS#g7n_c","parent":"}^doAP=6Xyh=5!E8.gpF","inputs":{"QUESTION":[1,[10,"Quanti passi devo fare?"]]},"fields":{},"shadow":false,"topLevel":false},"Ak8yv28UovZ][7(_=]A(":{"opcode":"motion_movesteps","next":"n@5SK,o0P7]=F-|8QOVw","parent":"~rz%(,rCe(7xSBwai5P;","inputs":{"STEPS":[3,[12,"N PAssi","wN?@3:,[Ba4!$K?IzPi#"],[4,"200"]]},"fields":{},"shadow":false,"topLevel":false},"bgatxUb_9[qp_h9fEge5":{"opcode":"sensing_answer","next":null,"parent":"9a;%l#6lNdSpzS#g7n_c","inputs":{},"fields":{},"shadow":false,"topLevel":false},"uI9jYPB_HmWSv/3npi;-":{"opcode":"sensing_askandwait","next":"~rz%(,rCe(7xSBwai5P;","parent":"9a;%l#6lNdSpzS#g7n_c","inputs":{"QUESTION":[1,[10,"Di quanti gradi devo ruotare?"]]},"fields":{},"shadow":false,"topLevel":false},"9a;%l#6lNdSpzS#g7n_c":{"opcode":"data_setvariableto","next":"uI9jYPB_HmWSv/3npi;-","parent":"0zi-GrL75cLaJa@e@pc/","inputs":{"VALUE":[3,"bgatxUb_9[qp_h9fEge5",[10,"0"]]},"fields":{"VARIABLE":["N PAssi","wN?@3:,[Ba4!$K?IzPi#"]},"shadow":false,"topLevel":false},"~rz%(,rCe(7xSBwai5P;":{"opcode":"data_setvariableto","next":"Ak8yv28UovZ][7(_=]A(","parent":"uI9jYPB_HmWSv/3npi;-","inputs":{"VALUE":[3,"p#`,=af8iXE`by,$y:Ry",[10,"0"]]},"fields":{"VARIABLE":["Gradi","F(h=!VfosD(o!~-9(;KL"]},"shadow":false,"topLevel":false},"p#`,=af8iXE`by,$y:Ry":{"opcode":"sensing_answer","next":null,"parent":"~rz%(,rCe(7xSBwai5P;","inputs":{},"fields":{},"shadow":false,"topLevel":false},"n@5SK,o0P7]=F-|8QOVw":{"opcode":"motion_turnright","next":":Bi|bWg:bTZEA}@fyR+:","parent":"Ak8yv28UovZ][7(_=]A(","inputs":{"DEGREES":[3,[12,"Gradi","F(h=!VfosD(o!~-9(;KL"],[4,"15"]]},"fields":{},"shadow":false,"topLevel":false},"VG5nA:nqhVcf0j`ubA/n":{"opcode":"control_stop","next":null,"parent":")3YXW~w-;$P(L:?Mx_TR","inputs":{},"fields":{"STOP_OPTION":["all",null]},"shadow":false,"topLevel":false,"mutation":{"tagName":"mutation","children":[],"hasnext":"false"}},":Bi|bWg:bTZEA}@fyR+:":{"opcode":"motion_gotoxy","next":")3YXW~w-;$P(L:?Mx_TR","parent":"n@5SK,o0P7]=F-|8QOVw","inputs":{"X":[1,[4,"-182"]],"Y":[1,[4,"-2"]]},"fields":{},"shadow":false,"topLevel":false},")3YXW~w-;$P(L:?Mx_TR":{"opcode":"motion_pointindirection","next":"VG5nA:nqhVcf0j`ubA/n","parent":":Bi|bWg:bTZEA}@fyR+:","inputs":{"DIRECTION":[1,[8,"90"]]},"fields":{},"shadow":false,"topLevel":false}},"comments":{},"currentCostume":0,"costumes":[{"assetId":"3e53cdc59414fa80af9476b0edffe6e3","name":"costume1","bitmapResolution":1,"md5ext":"3e53cdc59414fa80af9476b0edffe6e3.svg","dataFormat":"svg","rotationCenterX":55.24547815301071,"rotationCenterY":57.449170176602706},{"assetId":"2aee4158806da040147707fe5e80033d","name":"costume2","bitmapResolution":1,"md5ext":"2aee4158806da040147707fe5e80033d.svg","dataFormat":"svg","rotationCenterX":45.4078066842292,"rotationCenterY":90.9181838477984}],"sounds":[{"assetId":"83c36d806dc92327b9e7049a565c6bff","name":"Miao","dataFormat":"wav","format":"","rate":44100,"sampleCount":37376,"md5ext":"83c36d806dc92327b9e7049a565c6bff.wav"}],"volume":100,"visible":true,"x":-163,"y":-91,"size":100,"direction":90,"draggable":false,"rotationStyle":"all around"}