{"isStage":false,"name":"Osimhen","variables":{},"lists":{},"broadcasts":{},"blocks":{"~t_Vtd]jvba}D@cB_,@c":{"opcode":"event_whenflagclicked","next":"J]Q{Z^(iNmSEHDrYYEh=","parent":null,"inputs":{},"fields":{},"shadow":false,"topLevel":true,"x":-982,"y":-1590},"J]Q{Z^(iNmSEHDrYYEh=":{"opcode":"data_setvariableto","next":".`uA0}Nkh3xx}q_IVG{H","parent":"~t_Vtd]jvba}D@cB_,@c","inputs":{"VALUE":[1,[10,"0"]]},"fields":{"VARIABLE":["N 1","Z:,jN8E9N|Jp1)8veP^6"]},"shadow":false,"topLevel":false},".`uA0}Nkh3xx}q_IVG{H":{"opcode":"data_setvariableto","next":"/(Mv7[zEoI;?(xUaFl)I","parent":"J]Q{Z^(iNmSEHDrYYEh=","inputs":{"VALUE":[1,[10,"0"]]},"fields":{"VARIABLE":["N 2","E.cBseeU2Z/w}C$^igY1"]},"shadow":false,"topLevel":false},"/(Mv7[zEoI;?(xUaFl)I":{"opcode":"data_setvariableto","next":"+M)FJ)zR,._TJ-c!?@^b","parent":".`uA0}Nkh3xx}q_IVG{H","inputs":{"VALUE":[1,[10,"0"]]},"fields":{"VARIABLE":["N 3","s*o(H~_S;;U^yZAB0SZq"]},"shadow":false,"topLevel":false},"+M)FJ)zR,._TJ-c!?@^b":{"opcode":"data_setvariableto","next":"$a.qM(6Y_!`=C.IUrw]u","parent":"/(Mv7[zEoI;?(xUaFl)I","inputs":{"VALUE":[1,[10,"0"]]},"fields":{"VARIABLE":["N 4","DgK/G?GCY^/^::m.2yLq"]},"shadow":false,"topLevel":false},"$a.qM(6Y_!`=C.IUrw]u":{"opcode":"data_setvariableto","next":"JZ,iP[ZH^EyCl*8N}CAa","parent":"+M)FJ)zR,._TJ-c!?@^b","inputs":{"VALUE":[1,[10,"0"]]},"fields":{"VARIABLE":["N 5","Oh.XxwxAf?NO!.mk]O6:"]},"shadow":false,"topLevel":false},"JZ,iP[ZH^EyCl*8N}CAa":{"opcode":"data_setvariableto","next":"Z4D|!k)Bc-!C)P`;;/Z9","parent":"$a.qM(6Y_!`=C.IUrw]u","inputs":{"VALUE":[1,[10,"0"]]},"fields":{"VARIABLE":["Somma","l/wNnRFN39H$/ogV{9g("]},"shadow":false,"topLevel":false},"Z4D|!k)Bc-!C)P`;;/Z9":{"opcode":"data_setvariableto","next":"UY=*~ykWu~|fmQSwyY~B","parent":"JZ,iP[ZH^EyCl*8N}CAa","inputs":{"VALUE":[1,[10,"0"]]},"fields":{"VARIABLE":["Media","_u*%UF|rVSZv$B2cZG2{"]},"shadow":false,"topLevel":false},"UY=*~ykWu~|fmQSwyY~B":{"opcode":"looks_sayforsecs","next":";4=S3[W{NDBk8a7L~66;","parent":"Z4D|!k)Bc-!C)P`;;/Z9","inputs":{"MESSAGE":[1,[10,"Ciao ti posso fare la media di 5 voti"]],"SECS":[1,[4,"2"]]},"fields":{},"shadow":false,"topLevel":false},";4=S3[W{NDBk8a7L~66;":{"opcode":"control_repeat_until","next":"v[,$G?3SIJ[KNI4}:+B(","parent":"UY=*~ykWu~|fmQSwyY~B","inputs":{"CONDITION":[2,"e3OGMfhG+1Fctz613#Xw"],"SUBSTACK":[2,"1P(^%%;{N~P7InBxxqlh"]},"fields":{},"shadow":false,"topLevel":false},"e3OGMfhG+1Fctz613#Xw":{"opcode":"operator_and","next":null,"parent":";4=S3[W{NDBk8a7L~66;","inputs":{"OPERAND1":[2,"0DYf:Lzn4j$$phu~]TWk"],"OPERAND2":[2,"@U:J_y*qt_S1Rj^!^#ow"]},"fields":{},"shadow":false,"topLevel":false},"0DYf:Lzn4j$$phu~]TWk":{"opcode":"operator_gt","next":null,"parent":"e3OGMfhG+1Fctz613#Xw","inputs":{"OPERAND1":[3,[12,"N 1","Z:,jN8E9N|Jp1)8veP^6"],[10,""]],"OPERAND2":[1,[10,"0"]]},"fields":{},"shadow":false,"topLevel":false},"@U:J_y*qt_S1Rj^!^#ow":{"opcode":"operator_or","next":null,"parent":"e3OGMfhG+1Fctz613#Xw","inputs":{"OPERAND1":[2,"u+P{N|@i+9ZSFzVAE^yw"],"OPERAND2":[2,"Yq1zGNA;x0:rF0=sjO@Q"]},"fields":{},"shadow":false,"topLevel":false},"u+P{N|@i+9ZSFzVAE^yw":{"opcode":"operator_lt","next":null,"parent":"@U:J_y*qt_S1Rj^!^#ow","inputs":{"OPERAND1":[3,[12,"N 1","Z:,jN8E9N|Jp1)8veP^6"],[10,""]],"OPERAND2":[1,[10,"10"]]},"fields":{},"shadow":false,"topLevel":false},"Yq1zGNA;x0:rF0=sjO@Q":{"opcode":"operator_equals","next":null,"parent":"@U:J_y*qt_S1Rj^!^#ow","inputs":{"OPERAND1":[3,[12,"N 1","Z:,jN8E9N|Jp1)8veP^6"],[10,""]],"OPERAND2":[1,[10,"10"]]},"fields":{},"shadow":false,"topLevel":false},"1P(^%%;{N~P7InBxxqlh":{"opcode":"sensing_askandwait","next":"7zqylRPu)Lj^8/S]ye-*","parent":";4=S3[W{NDBk8a7L~66;","inputs":{"QUESTION":[1,[10,"Dimmi il primo numero"]]},"fields":{},"shadow":false,"topLevel":false},"7zqylRPu)Lj^8/S]ye-*":{"opcode":"data_setvariableto","next":null,"parent":"1P(^%%;{N~P7InBxxqlh","inputs":{"VALUE":[3,"{cp5E=_v%(y_?SZPrYL6",[10,"0"]]},"fields":{"VARIABLE":["N 1","Z:,jN8E9N|Jp1)8veP^6"]},"shadow":false,"topLevel":false},"{cp5E=_v%(y_?SZPrYL6":{"opcode":"sensing_answer","next":null,"parent":"7zqylRPu)Lj^8/S]ye-*","inputs":{},"fields":{},"shadow":false,"topLevel":false},"v[,$G?3SIJ[KNI4}:+B(":{"opcode":"control_repeat_until","next":"oOj~f{};H=sK)IAt?zU*","parent":";4=S3[W{NDBk8a7L~66;","inputs":{"CONDITION":[2,"jH3?q3-tN=+Z~.42Xfkt"],"SUBSTACK":[2,"j5,~8E[X)%S2PJcJhXgs"]},"fields":{},"shadow":false,"topLevel":false},"jH3?q3-tN=+Z~.42Xfkt":{"opcode":"operator_and","next":null,"parent":"v[,$G?3SIJ[KNI4}:+B(","inputs":{"OPERAND1":[2,"f0^gN]GT#|kMR@|E_:^["],"OPERAND2":[2,")%U*C@{)1hoa,L.Q#dAX"]},"fields":{},"shadow":false,"topLevel":false},"f0^gN]GT#|kMR@|E_:^[":{"opcode":"operator_gt","next":null,"parent":"jH3?q3-tN=+Z~.42Xfkt","inputs":{"OPERAND1":[3,[12,"N 2","E.cBseeU2Z/w}C$^igY1"],[10,""]],"OPERAND2":[1,[10,"0"]]},"fields":{},"shadow":false,"topLevel":false},")%U*C@{)1hoa,L.Q#dAX":{"opcode":"operator_or","next":null,"parent":"jH3?q3-tN=+Z~.42Xfkt","inputs":{"OPERAND1":[2,"@pm3IU)LEfe-=2_6syKI"],"OPERAND2":[2,"zq?uD#!3pZN1+b@|_10:"]},"fields":{},"shadow":false,"topLevel":false},"@pm3IU)LEfe-=2_6syKI":{"opcode":"operator_lt","next":null,"parent":")%U*C@{)1hoa,L.Q#dAX","inputs":{"OPERAND1":[3,[12,"N 2","E.cBseeU2Z/w}C$^igY1"],[10,""]],"OPERAND2":[1,[10,"10"]]},"fields":{},"shadow":false,"topLevel":false},"zq?uD#!3pZN1+b@|_10:":{"opcode":"operator_equals","next":null,"parent":")%U*C@{)1hoa,L.Q#dAX","inputs":{"OPERAND1":[3,[12,"N 2","E.cBseeU2Z/w}C$^igY1"],[10,""]],"OPERAND2":[1,[10,"10"]]},"fields":{},"shadow":false,"topLevel":false},"j5,~8E[X)%S2PJcJhXgs":{"opcode":"sensing_askandwait","next":",N.dixQX*zm-?%(Lqd!`","parent":"v[,$G?3SIJ[KNI4}:+B(","inputs":{"QUESTION":[1,[10,"Dimmi il secondo numero"]]},"fields":{},"shadow":false,"topLevel":false},",N.dixQX*zm-?%(Lqd!`":{"opcode":"data_setvariableto","next":null,"parent":"j5,~8E[X)%S2PJcJhXgs","inputs":{"VALUE":[3,"8,.-_L(|dH.,Gjf]Z8av",[10,"0"]]},"fields":{"VARIABLE":["N 2","E.cBseeU2Z/w}C$^igY1"]},"shadow":false,"topLevel":false},"8,.-_L(|dH.,Gjf]Z8av":{"opcode":"sensing_answer","next":null,"parent":",N.dixQX*zm-?%(Lqd!`","inputs":{},"fields":{},"shadow":false,"topLevel":false},"oOj~f{};H=sK)IAt?zU*":{"opcode":"control_repeat_until","next":"rSFQAOg6a1zK86F*R7;]","parent":"v[,$G?3SIJ[KNI4}:+B(","inputs":{"CONDITION":[2,"|me=fC+}wd`}|8]K/8kP"],"SUBSTACK":[2,"Vgs!C4:8ms[U9[S)N7Og"]},"fields":{},"shadow":false,"topLevel":false},"|me=fC+}wd`}|8]K/8kP":{"opcode":"operator_and","next":null,"parent":"oOj~f{};H=sK)IAt?zU*","inputs":{"OPERAND1":[2,"Z.@u.vDb/)+D[v}[_gYP"],"OPERAND2":[2,"T]Xn*(:)4HBX=}if*y@{"]},"fields":{},"shadow":false,"topLevel":false},"Z.@u.vDb/)+D[v}[_gYP":{"opcode":"operator_gt","next":null,"parent":"|me=fC+}wd`}|8]K/8kP","inputs":{"OPERAND1":[3,[12,"N 3","s*o(H~_S;;U^yZAB0SZq"],[10,""]],"OPERAND2":[1,[10,"0"]]},"fields":{},"shadow":false,"topLevel":false},"T]Xn*(:)4HBX=}if*y@{":{"opcode":"operator_or","next":null,"parent":"|me=fC+}wd`}|8]K/8kP","inputs":{"OPERAND1":[2,"8Eq$0c1.!^7U=FG/kB?D"],"OPERAND2":[2,"`1N()3yC6:Dx4z}b}ykW"]},"fields":{},"shadow":false,"topLevel":false},"8Eq$0c1.!^7U=FG/kB?D":{"opcode":"operator_lt","next":null,"parent":"T]Xn*(:)4HBX=}if*y@{","inputs":{"OPERAND1":[3,[12,"N 3","s*o(H~_S;;U^yZAB0SZq"],[10,""]],"OPERAND2":[1,[10,"10"]]},"fields":{},"shadow":false,"topLevel":false},"`1N()3yC6:Dx4z}b}ykW":{"opcode":"operator_equals","next":null,"parent":"T]Xn*(:)4HBX=}if*y@{","inputs":{"OPERAND1":[3,[12,"N 3","s*o(H~_S;;U^yZAB0SZq"],[10,""]],"OPERAND2":[1,[10,"10"]]},"fields":{},"shadow":false,"topLevel":false},"Vgs!C4:8ms[U9[S)N7Og":{"opcode":"sensing_askandwait","next":"T?aO2WSQM%gldb=4[4B0","parent":"oOj~f{};H=sK)IAt?zU*","inputs":{"QUESTION":[1,[10,"Dimmi il terzo numero"]]},"fields":{},"shadow":false,"topLevel":false},"T?aO2WSQM%gldb=4[4B0":{"opcode":"data_setvariableto","next":null,"parent":"Vgs!C4:8ms[U9[S)N7Og","inputs":{"VALUE":[3,",=27N3L6e/J{sIu]jE3d",[10,"0"]]},"fields":{"VARIABLE":["N 3","s*o(H~_S;;U^yZAB0SZq"]},"shadow":false,"topLevel":false},",=27N3L6e/J{sIu]jE3d":{"opcode":"sensing_answer","next":null,"parent":"T?aO2WSQM%gldb=4[4B0","inputs":{},"fields":{},"shadow":false,"topLevel":false},"rSFQAOg6a1zK86F*R7;]":{"opcode":"control_repeat_until","next":"hwEU}y;:B[mC{yBv=sFF","parent":"oOj~f{};H=sK)IAt?zU*","inputs":{"CONDITION":[2,"l{1LX{lTkov$H*kieTg="],"SUBSTACK":[2,"vB`4qb{QJY6}h3^_U.l_"]},"fields":{},"shadow":false,"topLevel":false},"l{1LX{lTkov$H*kieTg=":{"opcode":"operator_and","next":null,"parent":"rSFQAOg6a1zK86F*R7;]","inputs":{"OPERAND1":[2,"n/9NoMbiqxk9Dc;HzRsK"],"OPERAND2":[2,"MqJ{];^hSc/+2stvlrO}"]},"fields":{},"shadow":false,"topLevel":false},"n/9NoMbiqxk9Dc;HzRsK":{"opcode":"operator_gt","next":null,"parent":"l{1LX{lTkov$H*kieTg=","inputs":{"OPERAND1":[3,[12,"N 4","DgK/G?GCY^/^::m.2yLq"],[10,""]],"OPERAND2":[1,[10,"0"]]},"fields":{},"shadow":false,"topLevel":false},"MqJ{];^hSc/+2stvlrO}":{"opcode":"operator_or","next":null,"parent":"l{1LX{lTkov$H*kieTg=","inputs":{"OPERAND1":[2,"/wZ]!=vC4RU+QAP!0T69"],"OPERAND2":[2,"l0ANb!|{hXb^9xs2Ddrj"]},"fields":{},"shadow":false,"topLevel":false},"/wZ]!=vC4RU+QAP!0T69":{"opcode":"operator_lt","next":null,"parent":"MqJ{];^hSc/+2stvlrO}","inputs":{"OPERAND1":[3,[12,"N 4","DgK/G?GCY^/^::m.2yLq"],[10,""]],"OPERAND2":[1,[10,"10"]]},"fields":{},"shadow":false,"topLevel":false},"l0ANb!|{hXb^9xs2Ddrj":{"opcode":"operator_equals","next":null,"parent":"MqJ{];^hSc/+2stvlrO}","inputs":{"OPERAND1":[3,[12,"N 4","DgK/G?GCY^/^::m.2yLq"],[10,""]],"OPERAND2":[1,[10,"10"]]},"fields":{},"shadow":false,"topLevel":false},"vB`4qb{QJY6}h3^_U.l_":{"opcode":"sensing_askandwait","next":"GiQF~ws]bs,(N}As_US]","parent":"rSFQAOg6a1zK86F*R7;]","inputs":{"QUESTION":[1,[10," Dimmi il quarto numero"]]},"fields":{},"shadow":false,"topLevel":false},"GiQF~ws]bs,(N}As_US]":{"opcode":"data_setvariableto","next":null,"parent":"vB`4qb{QJY6}h3^_U.l_","inputs":{"VALUE":[3,"{=Bvi(.J*`7siWkb{vZs",[10,"0"]]},"fields":{"VARIABLE":["N 4","DgK/G?GCY^/^::m.2yLq"]},"shadow":false,"topLevel":false},"{=Bvi(.J*`7siWkb{vZs":{"opcode":"sensing_answer","next":null,"parent":"GiQF~ws]bs,(N}As_US]","inputs":{},"fields":{},"shadow":false,"topLevel":false},"hwEU}y;:B[mC{yBv=sFF":{"opcode":"control_repeat_until","next":"}[H=?Mhwx?+Zmg`A==,f","parent":"rSFQAOg6a1zK86F*R7;]","inputs":{"CONDITION":[2,"v8cFFIr0|N,{gHIBs-+:"],"SUBSTACK":[2,"y8WG+255(GMbkm?=xeE_"]},"fields":{},"shadow":false,"topLevel":false},"v8cFFIr0|N,{gHIBs-+:":{"opcode":"operator_and","next":null,"parent":"hwEU}y;:B[mC{yBv=sFF","inputs":{"OPERAND1":[2,"3iWz|($I3J03Kq-Y-Z[P"],"OPERAND2":[2,"pHb?{%+qskEY11=8hN)M"]},"fields":{},"shadow":false,"topLevel":false},"3iWz|($I3J03Kq-Y-Z[P":{"opcode":"operator_gt","next":null,"parent":"v8cFFIr0|N,{gHIBs-+:","inputs":{"OPERAND1":[3,[12,"N 5","Oh.XxwxAf?NO!.mk]O6:"],[10,""]],"OPERAND2":[1,[10,"0"]]},"fields":{},"shadow":false,"topLevel":false},"pHb?{%+qskEY11=8hN)M":{"opcode":"operator_or","next":null,"parent":"v8cFFIr0|N,{gHIBs-+:","inputs":{"OPERAND1":[2,"Y3MLB?X*K3Njh3N%dbRi"],"OPERAND2":[2,"K`E#n!1Jk98E@,ABX)@X"]},"fields":{},"shadow":false,"topLevel":false},"Y3MLB?X*K3Njh3N%dbRi":{"opcode":"operator_lt","next":null,"parent":"pHb?{%+qskEY11=8hN)M","inputs":{"OPERAND1":[3,[12,"N 5","Oh.XxwxAf?NO!.mk]O6:"],[10,""]],"OPERAND2":[1,[10,"10"]]},"fields":{},"shadow":false,"topLevel":false},"K`E#n!1Jk98E@,ABX)@X":{"opcode":"operator_equals","next":null,"parent":"pHb?{%+qskEY11=8hN)M","inputs":{"OPERAND1":[3,[12,"N 5","Oh.XxwxAf?NO!.mk]O6:"],[10,""]],"OPERAND2":[1,[10,"10"]]},"fields":{},"shadow":false,"topLevel":false},"y8WG+255(GMbkm?=xeE_":{"opcode":"sensing_askandwait","next":"?wgTW4-0+Uu,rzP98oV`","parent":"hwEU}y;:B[mC{yBv=sFF","inputs":{"QUESTION":[1,[10,"Dimmi il quinto numero"]]},"fields":{},"shadow":false,"topLevel":false},"?wgTW4-0+Uu,rzP98oV`":{"opcode":"data_setvariableto","next":null,"parent":"y8WG+255(GMbkm?=xeE_","inputs":{"VALUE":[3,"UNn+lOE7j+[)u?Ic0;Li",[10,"0"]]},"fields":{"VARIABLE":["N 5","Oh.XxwxAf?NO!.mk]O6:"]},"shadow":false,"topLevel":false},"UNn+lOE7j+[)u?Ic0;Li":{"opcode":"sensing_answer","next":null,"parent":"?wgTW4-0+Uu,rzP98oV`","inputs":{},"fields":{},"shadow":false,"topLevel":false},"}[H=?Mhwx?+Zmg`A==,f":{"opcode":"data_setvariableto","next":"Cc4dD{D;,Y[[nX7;RL#x","parent":"hwEU}y;:B[mC{yBv=sFF","inputs":{"VALUE":[3,"a~%Y)+pbj#XW4C#Z(*c-",[10,"0"]]},"fields":{"VARIABLE":["Somma","l/wNnRFN39H$/ogV{9g("]},"shadow":false,"topLevel":false},"a~%Y)+pbj#XW4C#Z(*c-":{"opcode":"operator_add","next":null,"parent":"}[H=?Mhwx?+Zmg`A==,f","inputs":{"NUM1":[3,[12,"N 1","Z:,jN8E9N|Jp1)8veP^6"],[4,""]],"NUM2":[3,"%K1%i}0dda:urA%}Uzx=",[4,""]]},"fields":{},"shadow":false,"topLevel":false},"%K1%i}0dda:urA%}Uzx=":{"opcode":"operator_add","next":null,"parent":"a~%Y)+pbj#XW4C#Z(*c-","inputs":{"NUM1":[3,[12,"N 2","E.cBseeU2Z/w}C$^igY1"],[4,""]],"NUM2":[3,"0,7*F~,z!+X9o^E.U(=P",[4,""]]},"fields":{},"shadow":false,"topLevel":false},"0,7*F~,z!+X9o^E.U(=P":{"opcode":"operator_add","next":null,"parent":"%K1%i}0dda:urA%}Uzx=","inputs":{"NUM1":[3,[12,"N 3","s*o(H~_S;;U^yZAB0SZq"],[4,""]],"NUM2":[3,"j}SoQ//p[`]{S9Tt;)(9",[4,""]]},"fields":{},"shadow":false,"topLevel":false},"j}SoQ//p[`]{S9Tt;)(9":{"opcode":"operator_add","next":null,"parent":"0,7*F~,z!+X9o^E.U(=P","inputs":{"NUM1":[3,[12,"N 4","DgK/G?GCY^/^::m.2yLq"],[4,""]],"NUM2":[3,[12,"N 5","Oh.XxwxAf?NO!.mk]O6:"],[4,""]]},"fields":{},"shadow":false,"topLevel":false},"Cc4dD{D;,Y[[nX7;RL#x":{"opcode":"data_setvariableto","next":"kMd5M#412p0[xdgfK5|z","parent":"}[H=?Mhwx?+Zmg`A==,f","inputs":{"VALUE":[3,"Cf0.Fqbeu9x@{w9[Sr3+",[10,"0"]]},"fields":{"VARIABLE":["Media","_u*%UF|rVSZv$B2cZG2{"]},"shadow":false,"topLevel":false},"Cf0.Fqbeu9x@{w9[Sr3+":{"opcode":"operator_divide","next":null,"parent":"Cc4dD{D;,Y[[nX7;RL#x","inputs":{"NUM1":[3,[12,"Somma","l/wNnRFN39H$/ogV{9g("],[4,""]],"NUM2":[1,[4,"5"]]},"fields":{},"shadow":false,"topLevel":false},"kMd5M#412p0[xdgfK5|z":{"opcode":"looks_sayforsecs","next":null,"parent":"Cc4dD{D;,Y[[nX7;RL#x","inputs":{"MESSAGE":[3,"EOD2Vtba)SQM2v3^MpK8",[10,""]],"SECS":[1,[4,"2"]]},"fields":{},"shadow":false,"topLevel":false},"EOD2Vtba)SQM2v3^MpK8":{"opcode":"operator_join","next":null,"parent":"kMd5M#412p0[xdgfK5|z","inputs":{"STRING1":[1,[10,"La media tra i cinque voti è  "]],"STRING2":[3,[12,"Media","_u*%UF|rVSZv$B2cZG2{"],[10,"banana"]]},"fields":{},"shadow":false,"topLevel":false},"wSFNrtq;g}k]j,h*z;1*":{"opcode":"control_if","next":null,"parent":null,"inputs":{"CONDITION":[2,"_+XL4netCL@lZw*8BFp0"],"SUBSTACK":[2,"?0|=XWr(v3RV8}1kd*KT"]},"fields":{},"shadow":false,"topLevel":true,"x":-1087,"y":69},"|$}+vsL9tH:6:+]/?$jd":{"opcode":"operator_lt","next":null,"parent":"j@^sSq|q0h{reQ)B2S88","inputs":{"OPERAND1":[3,[12,"N 1","Z:,jN8E9N|Jp1)8veP^6"],[10,""]],"OPERAND2":[1,[10,"6"]]},"fields":{},"shadow":false,"topLevel":false},"_+XL4netCL@lZw*8BFp0":{"opcode":"operator_and","next":null,"parent":"wSFNrtq;g}k]j,h*z;1*","inputs":{"OPERAND1":[2,"j@^sSq|q0h{reQ)B2S88"],"OPERAND2":[2,",OlXqzHNBIIsaEI:a8c,"]},"fields":{},"shadow":false,"topLevel":false},"LBI5@92878X:ca1ec]-e":{"opcode":"operator_equals","next":null,"parent":"j@^sSq|q0h{reQ)B2S88","inputs":{"OPERAND1":[3,[12,"N 1","Z:,jN8E9N|Jp1)8veP^6"],[10,""]],"OPERAND2":[1,[10,"6"]]},"fields":{},"shadow":false,"topLevel":false},"j@^sSq|q0h{reQ)B2S88":{"opcode":"operator_or","next":null,"parent":"_+XL4netCL@lZw*8BFp0","inputs":{"OPERAND1":[2,"LBI5@92878X:ca1ec]-e"],"OPERAND2":[2,"|$}+vsL9tH:6:+]/?$jd"]},"fields":{},"shadow":false,"topLevel":false},"gH(H*hVv^Dx6aaXwa]9K":[12,"N 1","Z:,jN8E9N|Jp1)8veP^6",-1181,-344],"fBMSj8aoeA.zOWhTB]*u":{"opcode":"operator_equals","next":null,"parent":null,"inputs":{"OPERAND1":[3,[12,"N 1","Z:,jN8E9N|Jp1)8veP^6"],[10,""]],"OPERAND2":[1,[10,"6"]]},"fields":{},"shadow":false,"topLevel":true,"x":-1253,"y":-396},",OlXqzHNBIIsaEI:a8c,":{"opcode":"operator_or","next":null,"parent":"_+XL4netCL@lZw*8BFp0","inputs":{"OPERAND1":[2,"+HU](JHz?nX5!XvFyk89"],"OPERAND2":[2,"EbR]_?z:)op7{g*i[7EP"]},"fields":{},"shadow":false,"topLevel":false},"+HU](JHz?nX5!XvFyk89":{"opcode":"operator_equals","next":null,"parent":",OlXqzHNBIIsaEI:a8c,","inputs":{"OPERAND1":[3,[12,"N 1","Z:,jN8E9N|Jp1)8veP^6"],[10,""]],"OPERAND2":[1,[10,"10"]]},"fields":{},"shadow":false,"topLevel":false},"EbR]_?z:)op7{g*i[7EP":{"opcode":"operator_lt","next":null,"parent":",OlXqzHNBIIsaEI:a8c,","inputs":{"OPERAND1":[3,[12,"N 1","Z:,jN8E9N|Jp1)8veP^6"],[10,""]],"OPERAND2":[1,[10,"10"]]},"fields":{},"shadow":false,"topLevel":false},"?0|=XWr(v3RV8}1kd*KT":{"opcode":"data_setvariableto","next":null,"parent":"wSFNrtq;g}k]j,h*z;1*","inputs":{"VALUE":[1,[10,"0"]]},"fields":{"VARIABLE":["Sufficienti","=d;Q^An!$X}:yEf3I-)h"]},"shadow":false,"topLevel":false}},"comments":{},"currentCostume":0,"costumes":[{"assetId":"bc113ec986cb8d75849bdd80de30cf01","name":"costume1","bitmapResolution":1,"md5ext":"bc113ec986cb8d75849bdd80de30cf01.svg","dataFormat":"svg","rotationCenterX":64.56705878704221,"rotationCenterY":37.30250590883139},{"assetId":"1ef4b74afc12f49e0e7a6fab8340e10e","name":"costume2","bitmapResolution":1,"md5ext":"1ef4b74afc12f49e0e7a6fab8340e10e.svg","dataFormat":"svg","rotationCenterX":62.246803129107064,"rotationCenterY":36.04310437716242}],"sounds":[{"assetId":"83c36d806dc92327b9e7049a565c6bff","name":"Miao","dataFormat":"wav","format":"","rate":44100,"sampleCount":37376,"md5ext":"83c36d806dc92327b9e7049a565c6bff.wav"}],"volume":100,"visible":true,"x":-172,"y":-97,"size":100,"direction":90,"draggable":false,"rotationStyle":"all around"}